{"metadata":{"asset_id":"94ad9069-a262-4c21-a113-47f46b61b03d","asset_attributes":["notebook"],"name":"capstone project part 4(EDA with SQL)","asset_type":"notebook","created_at":"2021-09-03T10:41:11Z","description":"","origin_country":"us","owner_id":"IBMid-55000AWM2C","project_id":"49e06fae-460e-4a31-993b-f61a3e2a1b4c","size":12749,"tags":["notebook"],"usage":{"last_update_time":1630669976215,"last_updated_at":"2021-09-03T11:52:56Z"}},"entity":{"notebook":{"kernel":{"name":"python3","display_name":"Python 3.8","language":"python"},"originates_from":{"type":"blank"},"runtime":{"environment":"conda2py38-49e06fae-460e-4a31-993b-f61a3e2a1b4c"}}},"attachments":[{"id":"32b62459-bff8-4eb7-90bb-8c483582392f","version":2,"asset_type":"notebook","name":"attachment for notebook 94ad9069-a262-4c21-a113-47f46b61b03d","description":"attachment for notebook 94ad9069-a262-4c21-a113-47f46b61b03d","mime":"application/json","datasource_type":"193a97c1-4475-4a19-b90c-295c4fdc6517","object_key":"notebook/capstone_project_part_4(EDA_with_SQL)_D9aoHoSaX.ipynb","creator_id":"IBMid-55000AWM2C","create_time":1630665672368,"size":12749,"is_remote":false,"is_managed":false,"is_referenced":true,"is_object_key_read_only":false,"is_user_provided_path_key":true,"transfer_complete":true,"is_partitioned":false,"complete_time_ticks":1630665672368,"user_data":{},"test_doc":0,"handle":{"bucket":"capstoneproject-donotdelete-pr-spp4viywtq6ibo","location":"ap-geo","key":"notebook/capstone_project_part_4(EDA_with_SQL)_D9aoHoSaX.ipynb","upload_id":"done","max_part_num":1},"usage":{"access_count":0,"last_accessor_id":"IBMid-55000AWM2C","last_access_time":1630665672368}}]}
