{"metadata":{"asset_id":"028d8590-a3e2-4556-b022-70bef0abb153","asset_attributes":["notebook"],"name":"capstone part 6(data visualization)","asset_type":"notebook","created_at":"2021-09-06T11:16:44Z","description":"","origin_country":"us","owner_id":"IBMid-55000AWM2C","project_id":"49e06fae-460e-4a31-993b-f61a3e2a1b4c","size":17255,"tags":["notebook"],"usage":{"last_update_time":1631011642287,"last_updated_at":"2021-09-07T10:47:22Z"}},"entity":{"notebook":{"kernel":{"name":"python3","display_name":"Python 3.8","language":"python"},"originates_from":{"type":"blank"},"runtime":{"environment":"conda2py38-49e06fae-460e-4a31-993b-f61a3e2a1b4c"}}},"attachments":[{"id":"71e4f9de-c12d-4410-a853-a46cbc48561c","version":2,"asset_type":"notebook","name":"attachment for notebook 028d8590-a3e2-4556-b022-70bef0abb153","description":"attachment for notebook 028d8590-a3e2-4556-b022-70bef0abb153","mime":"application/json","datasource_type":"193a97c1-4475-4a19-b90c-295c4fdc6517","object_key":"notebook/capstone_part_6(data_visualization)_V-eBVT8PJ.ipynb","creator_id":"IBMid-55000AWM2C","create_time":1630927005749,"size":17255,"is_remote":false,"is_managed":false,"is_referenced":true,"is_object_key_read_only":false,"is_user_provided_path_key":true,"transfer_complete":true,"is_partitioned":false,"complete_time_ticks":1630927005749,"user_data":{},"test_doc":0,"handle":{"bucket":"capstoneproject-donotdelete-pr-spp4viywtq6ibo","location":"ap-geo","key":"notebook/capstone_part_6(data_visualization)_V-eBVT8PJ.ipynb","upload_id":"done","max_part_num":1},"usage":{"access_count":0,"last_accessor_id":"IBMid-55000AWM2C","last_access_time":1630927005749}}]}
