{"metadata":{"asset_id":"321e3b90-887f-4d52-9734-92dcab6b5d1f","asset_attributes":["notebook"],"name":"capstone project part 7(M L)","asset_type":"notebook","created_at":"2021-09-08T10:43:52Z","description":"","origin_country":"us","owner_id":"IBMid-55000AWM2C","project_id":"49e06fae-460e-4a31-993b-f61a3e2a1b4c","size":16188,"tags":["notebook"],"usage":{"last_update_time":1631099435151,"last_updated_at":"2021-09-08T11:10:35Z"}},"entity":{"notebook":{"kernel":{"name":"python3","display_name":"Python 3.8","language":"python"},"originates_from":{"type":"blank"},"runtime":{"environment":"conda2py38-49e06fae-460e-4a31-993b-f61a3e2a1b4c"}}},"attachments":[{"id":"8945c84a-7859-4d7a-8efa-b7f9818a4739","version":2,"asset_type":"notebook","name":"attachment for notebook 321e3b90-887f-4d52-9734-92dcab6b5d1f","description":"attachment for notebook 321e3b90-887f-4d52-9734-92dcab6b5d1f","mime":"application/json","datasource_type":"193a97c1-4475-4a19-b90c-295c4fdc6517","object_key":"notebook/capstone_project_part_7(M_L)_5rC80lmyY.ipynb","creator_id":"IBMid-55000AWM2C","create_time":1631097833349,"size":16188,"is_remote":false,"is_managed":false,"is_referenced":true,"is_object_key_read_only":false,"is_user_provided_path_key":true,"transfer_complete":true,"is_partitioned":false,"complete_time_ticks":1631097833349,"user_data":{},"test_doc":0,"handle":{"bucket":"capstoneproject-donotdelete-pr-spp4viywtq6ibo","location":"ap-geo","key":"notebook/capstone_project_part_7(M_L)_5rC80lmyY.ipynb","upload_id":"done","max_part_num":1},"usage":{"access_count":0,"last_accessor_id":"IBMid-55000AWM2C","last_access_time":1631097833349}}]}
