{"metadata":{"asset_id":"ad8f9ba2-3a67-4fac-9216-d1a0c821c1aa","asset_attributes":["notebook"],"name":"capstone project part 3(EDA)","asset_type":"notebook","created_at":"2021-09-02T11:40:12Z","description":"","origin_country":"us","owner_id":"IBMid-55000AWM2C","project_id":"49e06fae-460e-4a31-993b-f61a3e2a1b4c","size":17246,"tags":["notebook"],"usage":{"last_update_time":1630665500460,"last_updated_at":"2021-09-03T10:38:20Z"}},"entity":{"notebook":{"kernel":{"name":"python3","display_name":"Python 3.8","language":"python"},"originates_from":{"type":"blank"},"runtime":{"environment":"conda2py38-49e06fae-460e-4a31-993b-f61a3e2a1b4c"}}},"attachments":[{"id":"393b7f7e-dabf-448b-b9cb-ada23507aed9","version":2,"asset_type":"notebook","name":"attachment for notebook ad8f9ba2-3a67-4fac-9216-d1a0c821c1aa","description":"attachment for notebook ad8f9ba2-3a67-4fac-9216-d1a0c821c1aa","mime":"application/json","datasource_type":"193a97c1-4475-4a19-b90c-295c4fdc6517","object_key":"notebook/capstone_project_part_3(EDA)_55YiGwPGH.ipynb","creator_id":"IBMid-55000AWM2C","create_time":1630582813791,"size":17246,"is_remote":false,"is_managed":false,"is_referenced":true,"is_object_key_read_only":false,"is_user_provided_path_key":true,"transfer_complete":true,"is_partitioned":false,"complete_time_ticks":1630582813791,"user_data":{},"test_doc":0,"handle":{"bucket":"capstoneproject-donotdelete-pr-spp4viywtq6ibo","location":"ap-geo","key":"notebook/capstone_project_part_3(EDA)_55YiGwPGH.ipynb","upload_id":"done","max_part_num":1},"usage":{"access_count":0,"last_accessor_id":"IBMid-55000AWM2C","last_access_time":1630582813791}}]}
