{"metadata":{"asset_id":"75f2808a-bf26-434e-abdb-df60097724c5","asset_attributes":["notebook"],"name":"capstone project part 5(EDA with data visual)","asset_type":"notebook","created_at":"2021-09-03T11:55:28Z","description":"","origin_country":"us","owner_id":"IBMid-55000AWM2C","project_id":"49e06fae-460e-4a31-993b-f61a3e2a1b4c","size":13742,"tags":["notebook"],"usage":{"last_update_time":1630671946843,"last_updated_at":"2021-09-03T12:25:46Z"}},"entity":{"notebook":{"kernel":{"name":"python3","display_name":"Python 3.8","language":"python"},"originates_from":{"type":"blank"},"runtime":{"environment":"conda2py38-49e06fae-460e-4a31-993b-f61a3e2a1b4c"}}},"attachments":[{"id":"8a006566-bb68-4ee0-b370-d9424ade0c56","version":2,"asset_type":"notebook","name":"attachment for notebook 75f2808a-bf26-434e-abdb-df60097724c5","description":"attachment for notebook 75f2808a-bf26-434e-abdb-df60097724c5","mime":"application/json","datasource_type":"193a97c1-4475-4a19-b90c-295c4fdc6517","object_key":"notebook/capstone_project_part_5(EDA_with_data_visual)_DU-duW24e.ipynb","creator_id":"IBMid-55000AWM2C","create_time":1630670129362,"size":13742,"is_remote":false,"is_managed":false,"is_referenced":true,"is_object_key_read_only":false,"is_user_provided_path_key":true,"transfer_complete":true,"is_partitioned":false,"complete_time_ticks":1630670129362,"user_data":{},"test_doc":0,"handle":{"bucket":"capstoneproject-donotdelete-pr-spp4viywtq6ibo","location":"ap-geo","key":"notebook/capstone_project_part_5(EDA_with_data_visual)_DU-duW24e.ipynb","upload_id":"done","max_part_num":1},"usage":{"access_count":0,"last_accessor_id":"IBMid-55000AWM2C","last_access_time":1630670129362}}]}
