{"metadata":{"asset_id":"36df3dbf-2780-4955-a335-7df7ed1ef44b","asset_attributes":["notebook"],"name":"capstone project part 2","asset_type":"notebook","created_at":"2021-09-02T10:23:42Z","description":"","origin_country":"us","owner_id":"IBMid-55000AWM2C","project_id":"49e06fae-460e-4a31-993b-f61a3e2a1b4c","size":16791,"tags":["notebook"],"usage":{"last_update_time":1630581841914,"last_updated_at":"2021-09-02T11:24:01Z"}},"entity":{"notebook":{"kernel":{"name":"python3","display_name":"Python 3.8","language":"python"},"originates_from":{"type":"blank"},"runtime":{"environment":"conda2py38-49e06fae-460e-4a31-993b-f61a3e2a1b4c"}}},"attachments":[{"id":"07ba477c-330b-41de-957f-b73545fb7dbe","version":2,"asset_type":"notebook","name":"attachment for notebook 36df3dbf-2780-4955-a335-7df7ed1ef44b","description":"attachment for notebook 36df3dbf-2780-4955-a335-7df7ed1ef44b","mime":"application/json","datasource_type":"193a97c1-4475-4a19-b90c-295c4fdc6517","object_key":"notebook/capstone_project_part_2_3Whc-7xsY.ipynb","creator_id":"IBMid-55000AWM2C","create_time":1630578223545,"size":16791,"is_remote":false,"is_managed":false,"is_referenced":true,"is_object_key_read_only":false,"is_user_provided_path_key":true,"transfer_complete":true,"is_partitioned":false,"complete_time_ticks":1630578223545,"user_data":{},"test_doc":0,"handle":{"bucket":"capstoneproject-donotdelete-pr-spp4viywtq6ibo","location":"ap-geo","key":"notebook/capstone_project_part_2_3Whc-7xsY.ipynb","upload_id":"done","max_part_num":1},"usage":{"access_count":0,"last_accessor_id":"IBMid-55000AWM2C","last_access_time":1630578223545}}]}
